{
    "cumulative_timesteps": 127822042,
    "cumulative_model_updates": 33580,
    "policy_average_reward": 2433.3677758341446,
    "epoch": 1272,
    "ts_since_last_save": 300016,
    "reward_running_stats": {
        "mean": [
            82.5833415365679
        ],
        "var": [
            29672875369.94315
        ],
        "shape": [
            1
        ],
        "count": 191700
    }
}